{
  "description": "Raw clean-only aggregated stats by device(alpha-mapped), alpha pattern, nq.",
  "device_mapping": {
    "I": "A",
    "T": "B",
    "S": "C"
  },
  "channel": "dephasing",
  "amplitude": "amp1e-09",
  "raw_stats": {
    "A": {
      "nq": {
        "2": {
          "mean": 0.9931679999999999,
          "std": 0.0026441966643954476,
          "count": 1000
        },
        "3": {
          "mean": 0.986271,
          "std": 0.0037777716977075286,
          "count": 1000
        },
        "4": {
          "mean": 0.979952,
          "std": 0.004443162837439118,
          "count": 1000
        },
        "5": {
          "mean": 0.9736549999999999,
          "std": 0.004819955912661446,
          "count": 1000
        },
        "6": {
          "mean": 0.9667870000000001,
          "std": 0.005812712877822201,
          "count": 1000
        },
        "7": {
          "mean": 0.9604079999999999,
          "std": 0.006207699735006523,
          "count": 1000
        },
        "8": {
          "mean": 0.954371,
          "std": 0.006591461067168648,
          "count": 1000
        },
        "9": {
          "mean": 0.948186,
          "std": 0.007301328920135008,
          "count": 1000
        },
        "10": {
          "mean": 0.941875,
          "std": 0.0074010387784418175,
          "count": 1000
        },
        "11": {
          "mean": 0.9350700000000001,
          "std": 0.00824773302186725,
          "count": 200
        },
        "12": {
          "mean": 0.92977,
          "std": 0.008175396014872903,
          "count": 200
        },
        "13": {
          "mean": 0.9251500000000001,
          "std": 0.007763214540382091,
          "count": 200
        },
        "14": {
          "mean": 0.9170100000000001,
          "std": 0.008878620388326111,
          "count": 200
        },
        "15": {
          "mean": 0.9114000000000001,
          "std": 0.008699425268372626,
          "count": 200
        },
        "16": {
          "mean": 0.9079,
          "std": 0.009256889326334205,
          "count": 40
        },
        "17": {
          "mean": 0.8999,
          "std": 0.009959417653658278,
          "count": 40
        },
        "18": {
          "mean": 0.8929,
          "std": 0.011126095451684756,
          "count": 40
        },
        "19": {
          "mean": 0.8858,
          "std": 0.00999799979996,
          "count": 20
        },
        "20": {
          "mean": 0.8892000000000001,
          "std": 0.00667532770731146,
          "count": 20
        },
        "21": {
          "mean": 0.8792000000000002,
          "std": 0.010205880657738468,
          "count": 20
        },
        "22": {
          "mean": 0.8742000000000001,
          "std": 0.017075128110793213,
          "count": 20
        },
        "23": {
          "mean": 0.8712000000000002,
          "std": 0.01831283702761537,
          "count": 20
        },
        "24": {
          "mean": 0.8540000000000001,
          "std": 0.028354893757515653,
          "count": 20
        },
        "25": {
          "mean": 0.8570000000000002,
          "std": 0.02758622844826747,
          "count": 20
        }
      },
      "nq/2": {
        "8": {
          "mean": 0.98027,
          "std": 0.004499899998888868,
          "count": 1000
        },
        "10": {
          "mean": 0.9735929999999999,
          "std": 0.004954124645182037,
          "count": 1000
        },
        "16": {
          "mean": 0.9550000000000001,
          "std": 0.006826419266350412,
          "count": 20
        },
        "20": {
          "mean": 0.9390000000000001,
          "std": 0.005796550698475733,
          "count": 20
        }
      },
      "3/4nq": {
        "16": {
          "mean": 0.9282999999999999,
          "std": 0.007563729238940255,
          "count": 20
        },
        "20": {
          "mean": 0.9114000000000002,
          "std": 0.01135077089893018,
          "count": 20
        }
      }
    },
    "B": {
      "nq": {
        "2": {
          "mean": 0.999081,
          "std": 0.0009992191951719112,
          "count": 1000
        },
        "3": {
          "mean": 0.998521,
          "std": 0.0011956416687285546,
          "count": 1000
        },
        "4": {
          "mean": 0.9964089999999999,
          "std": 0.0019187806023618246,
          "count": 1000
        },
        "5": {
          "mean": 0.994949,
          "std": 0.0022641552508606846,
          "count": 1000
        },
        "6": {
          "mean": 0.992318,
          "std": 0.0027926467732242856,
          "count": 1000
        },
        "7": {
          "mean": 0.9866569999999999,
          "std": 0.0036782266107460025,
          "count": 1000
        },
        "8": {
          "mean": 0.984251,
          "std": 0.004024922235273625,
          "count": 1000
        },
        "9": {
          "mean": 0.9825659999999999,
          "std": 0.004166970602248117,
          "count": 1000
        },
        "10": {
          "mean": 0.977398,
          "std": 0.004639568514420284,
          "count": 1000
        },
        "11": {
          "mean": 0.97225,
          "std": 0.005144657422997185,
          "count": 200
        },
        "12": {
          "mean": 0.96752,
          "std": 0.00589996610159754,
          "count": 200
        },
        "13": {
          "mean": 0.95816,
          "std": 0.006823078484086204,
          "count": 200
        },
        "14": {
          "mean": 0.9537199999999999,
          "std": 0.007413609107580467,
          "count": 200
        },
        "15": {
          "mean": 0.9514099999999999,
          "std": 0.007334977845910638,
          "count": 200
        },
        "16": {
          "mean": 0.9395,
          "std": 0.006430396566309074,
          "count": 40
        },
        "17": {
          "mean": 0.92695,
          "std": 0.008139256722821788,
          "count": 40
        },
        "18": {
          "mean": 0.9204000000000001,
          "std": 0.009640539403996022,
          "count": 40
        },
        "19": {
          "mean": 0.9113999999999999,
          "std": 0.008522910301065013,
          "count": 20
        },
        "20": {
          "mean": 0.9047999999999998,
          "std": 0.0069397406291589955,
          "count": 20
        },
        "21": {
          "mean": 0.8899999999999999,
          "std": 0.010733126291999,
          "count": 20
        },
        "22": {
          "mean": 0.8851999999999999,
          "std": 0.008634813257969168,
          "count": 20
        },
        "23": {
          "mean": 0.8712000000000002,
          "std": 0.020143485299222694,
          "count": 20
        }
      },
      "nq/2": {
        "8": {
          "mean": 0.9968509999999999,
          "std": 0.0017789881955763522,
          "count": 1000
        },
        "10": {
          "mean": 0.995813,
          "std": 0.002011474832057316,
          "count": 1000
        },
        "16": {
          "mean": 0.9887999999999997,
          "std": 0.0028565713714171423,
          "count": 20
        },
        "20": {
          "mean": 0.9805000000000001,
          "std": 0.004410215414239993,
          "count": 20
        }
      },
      "3/4nq": {
        "16": {
          "mean": 0.9718,
          "std": 0.003969886648255845,
          "count": 20
        },
        "20": {
          "mean": 0.9473,
          "std": 0.006972087205421327,
          "count": 20
        }
      }
    },
    "C": {
      "nq": {
        "2": {
          "mean": 0.990797,
          "std": 0.0030265146621154863,
          "count": 1000
        },
        "3": {
          "mean": 0.9833409999999999,
          "std": 0.004058906133430536,
          "count": 1000
        },
        "4": {
          "mean": 0.959027,
          "std": 0.006496943204307705,
          "count": 1000
        },
        "5": {
          "mean": 0.941939,
          "std": 0.007335617151951126,
          "count": 1000
        },